Division,Day,08:00-09:00,09:00-10:00,10:00-11:00,12:30-13:30,13:30-14:30,14:40-15:40,15:40-16:40
SY-Div A,MONDAY,,,OS/VS/B1/205 A
IOT & CC/SM/B2/207
SBL/MA/B3/402A
PBL/PPJ/B4/401A,DBMS/PPJ/B1/401A
OS/VS/B2/205 A
IOT & CC/SM/B3/207
SBL/MA/B4/402A,MINOR IOT&CC/SM/CR 01
MINOR BM/TP/CR 14,SBL-VI-LANGUAGE/DB/ALL/01,DBMS/SS/CR 01
SY-Div A,TUESDAY,,MDS/GD/B1/207,PBL/PPJ/B1/402B
DBMS/SS/B2/401A
OS/VS/B3/205 A
IOT & CC/SM/B4/207,MINOR IOT&CC/SM/CR 01
MINOR BM/TP/CR 14,OS/VS/CR 01,DBMS/SS/CR 01,AI-AE/PD/CR 01
SY-Div A,WEDNESDAY,,,SBL/PB/B1/402A
PBL/GW/B2/402B
DBMS/SS/B3/401A
OS/VS/B4/205 B,MINOR IOT&CC/SM/CR 01
MINOR BM/TP/CR 04,AI-AE/PD/CR 01,AI-AE/PD/CR 01,MDS/GD/CR 01
SY-Div A,THURSDAY,,MDS/GD/B3/203,,MDS/GD/CR 01,AI-AE/PD/CR 01,MDS/GD/CR 01,
SY-Div A,FRIDAY,,MDS/GD/B4/203,,OS/VS/CR 01,,IOT & CC/SM/B1/207
SBL/PB/B2/402A
PBL/GW/B3/402 B
DBMS/SS/B4/401A,
SY-Div B,MONDAY,MINOR IOT&CC/AS/CR 02
MINOR BM/TP/CR 14,MDS/VD/CR 02,SBL/PB/B1/402A
PBL/GW/B2/401A
DBMS/PPJ/B3/401B
OS/MA/B4/205 B,DBMS/PPJ/CR 02,AI-AE/PD/CR 02,MDS/VD/B1/401A,OS/MA/CR 02
SY-Div B,TUESDAY,MINOR IOT&CC/AS/CR 02
MINOR BM/TP/CR 14,MDS/VD/CR 02,OS/MA/B1/205 B
IOT & CC/AS/B2/207
SBL/PB/B3/402A
PBL/VS/B4/402B,,,MDS/VD/B2/401A,
SY-Div B,WEDNESDAY,,,,MDS/VD/B3/401A,,,
SY-Div B,THURSDAY,DBMS/PPJ/B1/401B
OS/MA/B2/205 A
IOT & CC/AS/B3/207
SBL/PB/B4/402A,,PBL/GW/B1/401A
DBMS/PPJ/B2/401B
OS/MA/B3/205 A
IOT & CC/AS/B4/207,AI-AE/PD/CR 02,,MDS/VD/B4/401A,
SY-Div B,FRIDAY,IOT & CC/AS/B1/207
SBL/PB/B2/402A
PBL/GW/B3/401A
DBMS/PPJ/B4/401B,,MINOR IOT&CC/AS/CR 02
MINOR BM/TP/CR 14,DBMS/PPJ/CR 02,OS/MA/CR 02,,